Title,Authors,DOI,DOI link,Venue,Citation count,Year,Summary,the methods mentioned,Outcome,"Supporting quotes for ""Summary""","Supporting tables for ""Summary""","Reasoning for ""Summary""","Supporting quotes for ""the methods mentioned""","Supporting tables for ""the methods mentioned""","Reasoning for ""the methods mentioned""","Supporting quotes for ""Outcome""","Supporting tables for ""Outcome""","Reasoning for ""Outcome"""
Analytics for Noisy Unstructured Text Data I,"Shourya Roy, L. Subramaniam",10.4018/978-1-59904-849-9.CH015,https://doi.org/10.4018/978-1-59904-849-9.CH015,Encyclopedia of Artificial Intelligence,0,2009,"The chapter reviews methods for cleaning noisy text data, focusing on techniques for correcting noisy text and developing robust extraction methods.","- Cleaning text by removing noise and then applying existing state of the art techniques for information extraction.
- Techniques for automatically correcting noisy text.
- Devising extraction techniques which are robust with respect to noise.","The outcome is the successful extraction of information from noisy text data, such as extracting instances of corporate mergers and opinions from text.","  - ""The importance of text mining applications is growing proportionally with the exponential growth of electronic text.""
  - ""These generate huge amount of noisy text data everyday.""
  - ""An example of information extraction is the extraction of instances of corporate mergers, more formally MergerBetween(company1,company2,date), from an online news sentence such as: “Yesterday, New-York based Foo Inc. announced their acquisition of Bar Corp.”""
  - ""At superficial level, there are two ways for information extraction from noisy text. The first one is cleaning text by removing noise and then applying existing state of the art techniques for information extraction.""
  - ""In this chapter, first we will review some work in the area of noisy text correction.""
  - ""The second approach is to devise extraction techniques which are robust with respect to noise.""",,"- The abstract discusses the growing importance of text mining due to the exponential growth of electronic text, which includes noisy data from various sources.
- It highlights the challenge of noisy text data and the need for methods to clean or robustly extract information from it.
- The abstract mentions two approaches to dealing with noisy text: cleaning the text before extraction and developing extraction techniques that are robust to noise.
- The chapter aims to review work in noisy text correction, indicating a focus on surveying methods for cleaning noisy text data.","  - ""The first one is cleaning text by removing noise and then applying existing state of the art techniques for information extraction.""
  - ""There in lies the importance of techniques for automatically correcting noisy text.""
  - ""The second approach is to devise extraction techniques which are robust with respect to noise.""
  - ""In this chapter, first we will review some work in the area of noisy text correction.""",,"- The abstract mentions two approaches to dealing with noisy text data: cleaning the text by removing noise and then applying existing techniques, and devising extraction techniques that are robust to noise.
- The first approach involves ""cleaning text by removing noise,"" which implies a method of preprocessing to remove noise before applying information extraction techniques.
- The abstract highlights the importance of ""techniques for automatically correcting noisy text,"" indicating that automatic correction is a method for cleaning noisy text.
- The second approach involves ""devising extraction techniques which are robust with respect to noise,"" suggesting that developing robust extraction methods is another strategy for handling noisy text.
- The abstract does not specify exact methods or techniques for cleaning or correcting noisy text, but it does mention reviewing work in the area of noisy text correction, which implies that specific methods might be discussed in the chapter.","  - ""The importance of text mining applications is growing proportionally with the exponential growth of electronic text.""
  - ""These generate huge amount of noisy text data everyday.""
  - ""An example of information extraction is the extraction of instances of corporate mergers, more formally MergerBetween(company1,company2,date), from an online news sentence such as: “Yesterday, New-York based Foo Inc. announced their acquisition of Bar Corp.”""
  - ""Opinion(product1,good), from a blog post such as: “I absolutely liked the texture of SheetK quilts.”""
  - ""The first one is cleaning text by removing noise and then applying existing state of the art techniques for information extraction.""
  - ""The second approach is to devise extraction techniques which are robust with respect to noise.""
  - ""Later in this chapter, we will see how the task of information extraction is affected by noise.""",,"- The abstract discusses the growing importance of text mining due to the exponential growth of electronic text, which includes noisy data from various sources.
- It provides examples of information extraction tasks, such as extracting corporate mergers and opinions from text, which are outcomes of text mining.
- The abstract mentions two approaches to dealing with noisy text: cleaning the text and then applying existing techniques, or devising techniques that are robust to noise.
- The outcome of these approaches is the successful extraction of information from noisy text data, which is the primary goal of text mining applications."
A Survey on Classifying Big Data with Label Noise,"Justin M. Johnson, T. Khoshgoftaar",10.1145/3492546,https://doi.org/10.1145/3492546,ACM Journal of Data and Information Quality,35,2022,"A comprehensive survey of 30 methods for treating class label noise in big data, covering high-volume, high-variety, and high-velocity contexts, with references to 17 open-source projects and empirical results comparisons.","- Distributed solutions for operating on datasets of arbitrary sizes
- Deep learning techniques for large-scale datasets with limited clean labels
- Streaming techniques for detecting class noise in the presence of concept drift
- References to 17 open-source projects and programming packages",Improved predictive performance of machine learning algorithms; comprehensive understanding of existing methods for treating label noise; identification of common trends and best practices; provision of practical resources for implementation; inspiration for future research and guidance for practitioners.,"  - ""we present 30 methods for treating class label noise in a range of big data contexts, i.e., high-volume, high-variety, and high-velocity problems.""
  - ""This survey addresses these concerns by providing an extensive literature review on treating label noise within big data.""
  - ""Class label noise is a critical component of data quality that directly inhibits the predictive performance of machine learning algorithms.""
  - ""Common trends and best practices are identified in each of these areas, implementation details are reviewed, empirical results are compared across studies when applicable, and references to 17 open-source projects and programming packages are provided.""",,"- The abstract indicates that the main focus is on addressing class label noise in big data, which is relevant to the research question about methods for cleaning noisy text data.
- The survey provides an extensive literature review, which suggests a comprehensive approach to gathering evidence.
- The mention of 30 methods and references to 17 open-source projects indicates a broad coverage of different techniques and tools.
- The abstract does not specify the number of studies or participants, but it does mention empirical results and comparisons, suggesting some level of evidence synthesis.","  - ""The surveyed works include distributed solutions capable of operating on datasets of arbitrary sizes, deep learning techniques for large-scale datasets with limited clean labels, and streaming techniques for detecting class noise in the presence of concept drift.""
  - ""Next, we present 30 methods for treating class label noise in a range of big data contexts, i.e., high-volume, high-variety, and high-velocity problems.""
  - ""This survey addresses these concerns by providing an extensive literature review on treating label noise within big data.""
  - ""Common trends and best practices are identified in each of these areas, implementation details are reviewed, empirical results are compared across studies when applicable, and references to 17 open-source projects and programming packages are provided.""",,"- The abstract mentions that the survey provides an extensive literature review on treating label noise within big data, which implies that it covers various methods for cleaning noisy data.
- It specifically states that 30 methods are presented for treating class label noise in different big data contexts, indicating a comprehensive overview of methods.
- The abstract highlights three types of methods: distributed solutions for large datasets, deep learning techniques for datasets with limited clean labels, and streaming techniques for detecting noise with concept drift.
- The mention of common trends, best practices, and references to open-source projects suggests that the survey provides detailed information on these methods.","  - ""Class label noise is a critical component of data quality that directly inhibits the predictive performance of machine learning algorithms.""
  - ""An emphasis on label noise challenges, solutions, and empirical results as they relate to big data distinguishes this work as a unique contribution that will inspire future research and guide machine learning practitioners.""
  - ""we present 30 methods for treating class label noise in a range of big data contexts, i.e., high-volume, high-variety, and high-velocity problems.""
  - ""Common trends and best practices are identified in each of these areas, implementation details are reviewed, empirical results are compared across studies when applicable, and references to 17 open-source projects and programming packages are provided.""
  - ""This survey addresses these concerns by providing an extensive literature review on treating label noise within big data.""",,"- The abstract discusses the problem of class label noise and its impact on machine learning algorithms, indicating that the outcome of addressing this issue would be improved predictive performance.
- The survey provides an extensive literature review on treating label noise, suggesting that the outcome includes a comprehensive understanding of existing methods.
- The presentation of 30 methods for treating class label noise implies that the outcome includes a broad range of solutions for different big data contexts.
- The identification of common trends, best practices, and empirical results suggests that the outcome includes insights into effective strategies for handling label noise.
- The provision of references to open-source projects and programming packages indicates that the outcome includes practical resources for implementation.
- The abstract states that the work will inspire future research and guide machine learning practitioners, suggesting that the outcome includes contributions to the field and practical guidance."
Survey of pre-processing techniques for mining big data,"Jayaram Hariharakrishnan, S. Mohanavalli, Srividya, K. B. S. Kumar",10.1109/ICCCSP.2017.7944072,https://doi.org/10.1109/ICCCSP.2017.7944072,"2017 International Conference on Computer, Communication and Signal Processing (ICCCSP)",32,2017,"Survey of data preprocessing techniques for big data, focusing on cleaning and noise removal, with an assessment of existing methods' shortcomings and effectiveness.",Not mentioned (the abstract does not specify any particular methods for cleaning noisy text data),"The outcome of this paper is to identify effective techniques for data cleaning and noise removal, understand the shortcomings of existing methods, and assess the effectiveness of current big data preprocessing proposals for various datasets.","  - ""This paper mainly makes an attempt to understand the different problems to solve in the processes of data preprocessing, to also familiarize with the problems related to cleaning data, know the problems to apply data cleaning and noise removal techniques for big data analytics and to mitigate the imperfect data, together with some techniques to solve them and also to identify the shortcomings in the existing methods of the reduction techniques in the necessary respective areas of application and also to identify the current big data preprocessing proposal's effectiveness to various data sets.""",,"- The abstract indicates that the paper focuses on understanding problems related to data preprocessing, specifically cleaning data and removing noise, which is relevant to the research question about methods for cleaning noisy text data.
- The paper aims to identify shortcomings in existing methods and assess the effectiveness of current preprocessing proposals, which suggests a survey or review of existing techniques.
- The abstract does not provide specific details about the strength of the evidence or the methodology used in the paper, but it implies a comprehensive review of data preprocessing techniques.","  - ""to also familiarize with the problems related to cleaning data, know the problems to apply data cleaning and noise removal techniques for big data analytics and to mitigate the imperfect data, together with some techniques to solve them""
  - ""to identify the current big data preprocessing proposal's effectiveness to various data sets.""
  - ""to identify the shortcomings in the existing methods of the reduction techniques in the necessary respective areas of application""",,"- The abstract mentions the focus on ""problems related to cleaning data"" and ""data cleaning and noise removal techniques,"" which suggests that the paper discusses methods for cleaning noisy data.
- The phrase ""some techniques to solve them"" implies that the paper provides specific methods or techniques for addressing these issues.
- However, the abstract does not explicitly list or mention any specific methods or techniques for cleaning noisy text data. It only indicates that such methods are discussed.
- The abstract is more focused on the general problems and challenges in data preprocessing rather than detailing specific methods.","  - ""This paper mainly makes an attempt to understand the different problems to solve in the processes of data preprocessing, to also familiarize with the problems related to cleaning data, know the problems to apply data cleaning and noise removal techniques for big data analytics and to mitigate the imperfect data, together with some techniques to solve them and also to identify the shortcomings in the existing methods of the reduction techniques in the necessary respective areas of application and also to identify the current big data preprocessing proposal's effectiveness to various data sets.""
  - ""The progress and innovation is no longer hindered by the ability to collect data but, by the ability to manage, analyze, summarize, visualize, and discover knowledge from the collected data in a timely manner and in a scalable fashion as well as a credible clean and noise free data sets.""
  - ""Big Data analytics has become important as many administrations, organizations, and companies both public and private have been collecting and analyzing huge amounts of domain-specific information, which can contain useful information about problems such as national intelligence, cyber security, fraud detection, marketing, and medical informatics.""",,"- The abstract discusses the importance of big data analytics and the challenges associated with managing and analyzing large datasets.
- It highlights the need for techniques to manage, analyze, and clean data to extract valuable insights.
- The paper aims to address problems in data preprocessing, particularly focusing on cleaning data and removing noise.
- The outcome of this paper is likely related to identifying effective techniques for data cleaning and noise removal, as well as understanding the shortcomings of existing methods.
- The abstract suggests that the paper will provide insights into the effectiveness of current big data preprocessing proposals for various datasets."
How Much Noise Is Too Much: A Study in Automatic Text Classification,"Sumeet Agarwal, S. Godbole, Diwakar Punjani, Shourya Roy",10.1109/ICDM.2007.21,https://doi.org/10.1109/ICDM.2007.21,Industrial Conference on Data Mining,116,2007,"The study investigates the effect of noise on automatic text classification using simulated noise on benchmark datasets and real-life noisy datasets, but does not explicitly survey methods for cleaning noisy text data.","- Automatically correcting noisy text
- Information extraction from noisy text
- Detecting and correcting spelling errors
- Correcting SMS text
- Correcting OCR errors
- Correcting ASR errors
- Building aggregate models from ASR data","The outcome of the study is that text classification algorithms are robust against high levels of typographical and ASR noise, especially with large corpora. Feature noise can be effectively managed with feature engineering and selection techniques. However, label noise is a significant challenge that requires careful label design and consistent labeling processes.","  - ""The goal of this paper is to bring out and study the effect of different kinds of noise on automatic text classification.""
  - ""We present interesting results on real-life noisy datasets from various CRM domains.""
  - ""We present detailed experimental results with simulated noise on the Reuters- 21578 and 20-newsgroups benchmark datasets.""
  - ""Noise is a stark reality in real life data.""",,"- The abstract discusses the impact of noise on text data, which is relevant to the research question about methods for cleaning noisy text data.
- The paper focuses on studying the effects of different kinds of noise on automatic text classification, which is a method for handling noisy data.
- The study uses simulated noise on benchmark datasets and real-life noisy datasets, indicating a methodological approach to understanding noise effects.
- The abstract does not explicitly mention a survey of methods for cleaning noisy text data, but it implies an investigation into the impact of noise, which is a related concern.","  - ""Noisy Text Analytics is defined as a process of information extraction whose goal is to automatically extract structured or semistructured information from noisy unstructured text data""
  - ""There has been a lot of work on analyzing noisy text; two prominent areas being automatically correcting noisy text and information extraction from noisy text.""
  - ""A comprehensive survey of techniques pertaining to detecting and correcting spelling errors in text can be found in [11].""
  - ""There is some recent work on correcting the output of SMS text [4], OCR errors [18] and ASR errors [23].""
  - ""Information Extraction (IE) aims to automatically extract structured information from unstructured documents.""
  - ""Authors in [16] have shown how to automatically annotate noisy postings on the internet.""
  - ""Authors in [17] have measured the effect of OCR noise on IE performance.""
  - ""It has been shown that it is possible to build aggregate models from ASR data [22] by extracting important words and phrases from automatic transcriptions of telephonic conversations between customers and contact center agents.""
  - ""We developed a program to introduce spelling errors in a text data corpus, SpellMess for creating synthetic datasets.""",,"- The paper discusses various methods related to noisy text analytics, focusing on correcting noisy text and information extraction.
- It mentions a comprehensive survey on detecting and correcting spelling errors, indicating that such methods are part of the broader approach to cleaning noisy text.
- The paper references work on correcting SMS text, OCR errors, and ASR errors, suggesting these are methods used to clean noisy text.
- Information extraction is highlighted as a method to extract structured information from noisy documents.
- The use of SpellMess to introduce spelling errors in synthetic datasets implies that this tool is part of the experimental setup rather than a method for cleaning noisy text.
- The paper does not explicitly list methods for cleaning noisy text data but references various techniques and tools used in the context of noisy text analytics.","  - ""Our experiments show that text classification algorithms are quite robust even in the presence of a high degree of typographical noise or noise introduced by Automatic Speech Recognition (ASR) systems.""
  - ""These experiments clearly show that text classification does not seem to be very susceptible to feature noise as long as the corpus is large.""
  - ""Our Contribution: In this paper we will show the effect of different kinds of noise on text classification performance by doing detailed experiments on synthetic as well as reallife noisy datasets.""
  - ""Feature noise seems to have limited effect and can be effectively countered with known feature engineering and feature selection techniques coupled with the choice of a robust classification model.""
  - ""The most care needs to be spent in actually tackling label noise, designing a good separable set of classes, and setting up a consistent labeling process.""",,"- The paper focuses on studying the effect of noise on text classification performance, indicating that the outcome is related to understanding how noise impacts classification accuracy.
- The experiments conducted in the paper show that text classification algorithms are robust against high levels of typographical noise and ASR noise, suggesting that these algorithms can maintain performance despite noise.
- The paper highlights that feature noise has a limited effect on text classification as long as the corpus is large, and this can be managed with appropriate feature engineering and selection techniques.
- The paper also emphasizes the importance of addressing label noise, which is a significant challenge in real-world datasets, indicating that the outcome includes understanding the need for careful label design and consistent labeling processes."
A Survey on Data Cleaning Methods for Improved Machine Learning Model Performance,"Ga-young Lee, Lubna Alzamil, Bakhtiyar Doskenov, Arash Termehchy",-,-,arXiv.org,43,2021,"A survey examining recent advancements in data cleaning methods for machine learning, with a focus on effectiveness and future research directions.",Not mentioned (the abstract does not specify the exact methods mentioned in the survey),"Improved machine learning model performance by ensuring datasets are free from incorrect or erroneous data, making data ready for analysis, and identifying effective data cleaning methods and future research directions.","  - ""In this survey, some of the most recent advancements of data cleaning approaches are examined for their effectiveness and the future research directions are suggested to close the gap in each of the methods.""
  - ""Data cleaning is the initial stage of any machine learning project and is one of the most critical processes in data analysis.""",,"- The abstract emphasizes the importance of data cleaning in machine learning projects, indicating that the survey focuses on this critical process.
- The survey examines recent advancements in data cleaning approaches, suggesting that it provides an overview of current methods.
- The abstract does not specifically mention ""noisy text data,"" but it does discuss data cleaning in general, which is relevant to the broader context of cleaning noisy data.
- The strength of the evidence is not explicitly mentioned in the abstract, but it is a survey, which typically involves reviewing multiple studies or methods.
- The methodology is a survey, which involves examining existing literature and methods.","  - ""In this survey, some of the most recent advancements of data cleaning approaches are examined for their effectiveness and the future research directions are suggested to close the gap in each of the methods.""
  - ""Data cleaning is the initial stage of any machine learning project and is one of the most critical processes in data analysis.""
  - ""Data cleaning entails a slew of procedures that, once done, make the data ready for analysis.""
  - ""It can be done manually with data wrangling tools, or it can be completed automatically with a computer program.""",,"- The abstract discusses the importance of data cleaning in machine learning projects and mentions that it can be done manually or automatically.
- It refers to ""a slew of procedures"" involved in data cleaning, indicating that multiple methods are part of the process.
- The abstract states that the survey examines recent advancements in data cleaning approaches, suggesting that various methods are discussed.
- However, the abstract does not specify exactly which methods are mentioned in the survey. It only indicates that recent advancements are examined without listing them.","  - ""It is a critical step in ensuring that the dataset is devoid of incorrect or erroneous data.""
  - ""Data cleaning is the initial stage of any machine learning project and is one of the most critical processes in data analysis.""
  - ""Data cleaning entails a slew of procedures that, once done, make the data ready for analysis.""
  - ""In this survey, some of the most recent advancements of data cleaning approaches are examined for their effectiveness and the future research directions are suggested to close the gap in each of the methods.""",,"- The abstract emphasizes the importance of data cleaning in machine learning projects, indicating that the outcome of effective data cleaning is to ensure that the dataset is free from incorrect or erroneous data.
- The process of data cleaning makes the data ready for analysis, which is a crucial outcome as it enables the use of clean data for machine learning models.
- The survey examines recent advancements in data cleaning approaches, suggesting that the outcome includes identifying effective methods and future research directions to improve these methods.
- The context of the user's search query is about methods for cleaning noisy text data, which aligns with the abstract's focus on data cleaning methods."
Enhancing data analysis with noise removal,"Hui Xiong, G. Pandey, M. Steinbach, Vipin Kumar",10.1109/TKDE.2006.46,https://doi.org/10.1109/TKDE.2006.46,IEEE Transactions on Knowledge and Data Engineering,263,2006,"Four noise removal techniques (distance-based, clustering-based, LOF-based, and hyperclique-based) are evaluated for enhancing data analysis by improving clustering and association patterns; experimental results show improved performance with noise removal.","- Distance-based outlier detection
- Clustering-based outlier detection
- Local Outlier Factor (LOF) approach
- Hyperclique-based data cleaner (HCleaner)","The outcome is to enhance data analysis by removing noise, leading to better clustering performance and higher quality association patterns. Specifically, HCleaner provides better clustering performance and higher quality associations for binary data.","  - ""These techniques are evaluated in terms of their impact on the subsequent data analysis, specifically, clustering and association analysis.""
  - ""This paper explores four techniques intended for noise removal to enhance data analysis in the presence of high noise levels.""
  - ""Removing objects that are noisy is an important goal of data cleaning as noise hinders most types of data analysis.""
  - ""Our experimental results show that all of these methods can provide better clustering performance and higher quality association patterns as the amount of noise being removed increases,""
  - ""Thus, if the goal is to enhance the data analysis as much as possible, these objects should also be considered as noise, at least with respect to the underlying analysis.""",,"- The abstract discusses the importance of removing noise from data to enhance analysis, which aligns with the research question about methods for cleaning noisy text data.
- It mentions four techniques for noise removal: distance-based, clustering-based, LOF-based, and a new hyperclique-based method (HCleaner).
- The techniques are evaluated for their impact on clustering and association analysis, indicating a focus on improving data analysis quality.
- The abstract does not specifically mention text data, but the methods discussed could potentially be applied to text data cleaning.
- The strength of evidence is based on experimental results showing improved performance with noise removal, but specific details about the number of participants or studies are not provided.","  - ""Three of these methods are based on traditional outlier detection techniques: distance-based, clustering-based, and an approach based on the local outlier factor (LOF) of an object.""
  - ""The other technique, which is a new method that we are proposing, is a hyperclique-based data cleaner (HCleaner).""
  - ""These techniques are evaluated in terms of their impact on the subsequent data analysis, specifically, clustering and association analysis.""
  - ""This paper explores four techniques intended for noise removal to enhance data analysis in the presence of high noise levels.""",,"- The abstract mentions that the paper explores four techniques for noise removal.
- Three of these techniques are based on traditional outlier detection methods: distance-based, clustering-based, and local outlier factor (LOF).
- The fourth technique is a new method called hyperclique-based data cleaner (HCleaner).
- These methods are evaluated for their impact on clustering and association analysis, which are common tasks in data analysis.","  - ""if the goal is to enhance the data analysis as much as possible, these objects should also be considered as noise, at least with respect to the underlying analysis.""
  - ""This paper explores four techniques intended for noise removal to enhance data analysis in the presence of high noise levels.""
  - ""Removing objects that are noisy is an important goal of data cleaning as noise hinders most types of data analysis.""
  - ""These techniques are evaluated in terms of their impact on the subsequent data analysis, specifically, clustering and association analysis.""
  - ""Our experimental results show that all of these methods can provide better clustering performance and higher quality association patterns as the amount of noise being removed increases, although HCleaner generally leads to better clustering performance and higher quality associations than the other three methods for binary data.""",,"- The abstract discusses the importance of removing noise from data to enhance data analysis, indicating that the outcome of the methods described is to improve data analysis quality.
- The paper explores four techniques for noise removal, which suggests that the outcome is related to the effectiveness of these techniques in enhancing data analysis.
- The techniques are evaluated based on their impact on clustering and association analysis, which are specific types of data analysis. This implies that the outcome is related to improving these analyses.
- The experimental results show that all methods improve clustering performance and association pattern quality, which are the specific outcomes achieved by these techniques.
- The abstract highlights that HCleaner leads to better outcomes in terms of clustering performance and association quality for binary data, indicating a specific outcome related to this method."
A survey of types of text noise and techniques to handle noisy text,"L. V. Subramaniam, Shourya Roy, T. Faruquie, Sumit Negi",10.1145/1568296.1568315,https://doi.org/10.1145/1568296.1568315,Workshop on Analytics for Noisy Unstructured Text Data,100,2009,"A survey of existing measures for handling noisy text, covering various application areas like Information Retrieval and Information Extraction.",Not mentioned (the abstract does not specify any particular methods for cleaning noisy text data),"The outcome is a survey of existing measures to handle noisy text, which can improve tasks like Information Retrieval and Information Extraction.","  - ""We also cover application areas that ingest this noisy text for various tasks like Information Retrieval and Information Extraction.""
  - ""In this paper, we present a survey of the existing measures for noise in text.""
  - ""Often, in the real world noise is ubiquitous in text communications.""",,"- The abstract indicates that the paper is a survey, which implies it is a review of existing methods rather than an original study.
- The focus is on ""existing measures for noise in text,"" which aligns with the research question about methods for cleaning noisy text data.
- The paper covers various application areas, suggesting a broad scope in terms of how these methods are applied.
- The abstract does not provide specific details on the strength of the evidence or the methodology beyond it being a survey.","  - ""In this paper, we present a survey of the existing measures for noise in text.""
  - ""We also cover application areas that ingest this noisy text for various tasks like Information Retrieval and Information Extraction.""
  - ""Often, in the real world noise is ubiquitous in text communications.""
  - ""Text produced by processing signals intended for human use are often noisy for automated computer processing.""
  - ""Automatic speech recognition, optical character recognition and machine translation all introduce processing noise.""",,"- The abstract mentions that the paper is a survey of existing measures for noise in text, which implies that it discusses methods for handling noisy text.
- However, the abstract does not specify any particular methods or techniques for cleaning noisy text data. It only mentions that the paper covers a survey of existing measures.
- The abstract lists sources of noise (e.g., automatic speech recognition, optical character recognition, machine translation) but does not provide specific methods for cleaning the noise.
- The mention of application areas like Information Retrieval and Information Extraction suggests that these tasks may involve handling noisy text, but again, no specific methods are detailed in the abstract.","  - ""Often, in the real world noise is ubiquitous in text communications.""
  - ""Text produced by processing signals intended for human use are often noisy for automated computer processing.""
  - ""Automatic speech recognition, optical character recognition and machine translation all introduce processing noise.""
  - ""Also digital text produced in informal settings such as online chat, SMS, emails, message boards, newsgroups, blogs, wikis and web pages contain considerable noise.""
  - ""In this paper, we present a survey of the existing measures for noise in text.""
  - ""We also cover application areas that ingest this noisy text for various tasks like Information Retrieval and Information Extraction.""",,"- The abstract discusses the prevalence of noise in text communications and various sources of this noise, such as automatic speech recognition and digital text from informal settings.
- It mentions that the paper presents a survey of existing measures for noise in text, which implies that the outcome is related to understanding and addressing text noise.
- The abstract also mentions application areas like Information Retrieval and Information Extraction, suggesting that the outcome involves improving these tasks by handling noisy text.
- The outcome is likely related to providing a comprehensive overview of techniques to handle noisy text, which can improve the efficiency and accuracy of tasks like Information Retrieval and Information Extraction."
Analytics for Noisy Unstructured Text A Data II,"L. V. Subramaniam, Shourya Roy",10.4018/9781599048499.ch016,https://doi.org/10.4018/9781599048499.ch016,Encyclopedia of Artificial Intelligence,3,2009,The chapter reviews methods for cleaning noisy text data and discusses approaches for robust information extraction from noisy text.,"- Cleaning text by removing noise and then applying existing state of the art techniques for information extraction.
- Techniques for automatically correcting noisy text.
- Devising extraction techniques which are robust with respect to noise.","The outcome is the successful extraction of information from noisy text data, such as extracting corporate mergers and opinions, by either cleaning the text or using noise-robust extraction techniques.","  - ""The importance of text mining applications is growing proportionally with the exponential growth of electronic text.""
  - ""These generate huge amount of noisy text data everyday.""
  - ""An example of information extraction is the extraction of instances of corporate mergers, more formally MergerBetween(company1,company2,date), from an online news sentence such as: “Yesterday, New-York based Foo Inc. announced their acquisition of Bar Corp.”""
  - ""At superficial level, there are two ways for information extraction from noisy text. The first one is cleaning text by removing noise and then applying existing state of the art techniques for information extraction.""
  - ""In this chapter, first we will review some work in the area of noisy text correction.""
  - ""The second approach is to devise extraction techniques which are robust with respect to noise.""",,"- The abstract discusses the growing importance of text mining due to the exponential growth of electronic text, which includes noisy data from various sources.
- It highlights the challenge of noisy text data and the need for methods to clean or robustly extract information from it.
- The abstract mentions two approaches to dealing with noisy text: cleaning the text before extraction and developing extraction techniques that are robust to noise.
- The chapter aims to review work in noisy text correction, indicating a focus on surveying methods for cleaning noisy text data.","  - ""The first one is cleaning text by removing noise and then applying existing state of the art techniques for information extraction.""
  - ""There in lies the importance of techniques for automatically correcting noisy text.""
  - ""The second approach is to devise extraction techniques which are robust with respect to noise.""
  - ""In this chapter, first we will review some work in the area of noisy text correction.""",,"- The abstract mentions two approaches to dealing with noisy text data: cleaning the text by removing noise and then applying existing techniques, and devising extraction techniques that are robust to noise.
- The first approach involves ""cleaning text by removing noise,"" which implies a method of preprocessing the text to remove noise before applying information extraction techniques.
- The abstract highlights the importance of ""techniques for automatically correcting noisy text,"" indicating that automatic correction is a method for cleaning noisy text.
- The second approach involves ""devising extraction techniques which are robust with respect to noise,"" suggesting that developing robust extraction methods is another strategy for handling noisy text.
- The abstract does not specify exact methods or techniques for cleaning or correcting noisy text, but it does mention reviewing work in the area of noisy text correction, which implies that specific methods might be discussed in the chapter.","  - ""The importance of text mining applications is growing proportionally with the exponential growth of electronic text.""
  - ""These generate huge amount of noisy text data everyday.""
  - ""An example of information extraction is the extraction of instances of corporate mergers, more formally MergerBetween(company1,company2,date), from an online news sentence such as: “Yesterday, New-York based Foo Inc. announced their acquisition of Bar Corp.”""
  - ""Opinion(product1,good), from a blog post such as: “I absolutely liked the texture of SheetK quilts.”""
  - ""The first one is cleaning text by removing noise and then applying existing state of the art techniques for information extraction.""
  - ""The second approach is to devise extraction techniques which are robust with respect to noise.""
  - ""Later in this chapter, we will see how the task of information extraction is affected by noise.""",,"- The abstract discusses the growing importance of text mining due to the exponential growth of electronic text, which includes noisy data from various sources.
- It provides examples of information extraction tasks, such as extracting corporate mergers and opinions from text, which are outcomes of text mining.
- The abstract mentions two approaches to dealing with noisy text: cleaning the text and then applying existing techniques, or devising techniques that are robust to noise.
- The outcome of these approaches is the successful extraction of information from noisy text data, which is the primary goal of text mining applications."
Analytics for Noisy Unstructured Text Data I,-,10.4018/978-1-59904-849-9.CH015,https://doi.org/10.4018/978-1-59904-849-9.CH015,Encyclopedia of Artificial Intelligence,7,2009,The chapter reviews methods for cleaning noisy text data and discusses approaches for robust information extraction from noisy text.,Not mentioned (the abstract discusses the need for methods to clean and correct noisy text data but does not specify any particular methods),"The outcome is the successful extraction of information from noisy text data, such as extracting instances of corporate mergers and opinions from text.","  - ""The importance of text mining applications is growing proportionally with the exponential growth of electronic text.""
  - ""These generate huge amount of noisy text data everyday.""
  - ""An example of information extraction is the extraction of instances of corporate mergers, more formally MergerBetween(company1,company2,date), from an online news sentence such as: “Yesterday, New-York based Foo Inc. announced their acquisition of Bar Corp.”""
  - ""At superficial level, there are two ways for information extraction from noisy text. The first one is cleaning text by removing noise and then applying existing state of the art techniques for information extraction.""
  - ""In this chapter, first we will review some work in the area of noisy text correction.""
  - ""The second approach is to devise extraction techniques which are robust with respect to noise.""",,"- The abstract discusses the growing importance of text mining due to the exponential growth of electronic text, which includes noisy data from various sources.
- It highlights the challenge of noisy text data and the need for methods to clean or robustly extract information from it.
- The abstract mentions two approaches to dealing with noisy text: cleaning the text before extraction and developing extraction techniques that are robust to noise.
- The chapter aims to review work in noisy text correction, indicating a focus on surveying methods for cleaning noisy text data.","  - ""the importance of techniques for automatically correcting noisy text.""
  - ""The first one is cleaning text by removing noise and then applying existing state of the art techniques for information extraction.""
  - ""The second approach is to devise extraction techniques which are robust with respect to noise.""",,"- The abstract mentions two approaches to dealing with noisy text data: cleaning the text by removing noise and then applying existing techniques, and devising extraction techniques that are robust to noise.
- The first approach involves ""cleaning text by removing noise,"" which implies methods for noise removal, but it does not specify what these methods are.
- The abstract highlights the importance of ""techniques for automatically correcting noisy text,"" which suggests that there are methods for correction, but again, it does not specify what these techniques are.
- The second approach focuses on developing extraction techniques that are robust to noise, but it does not detail specific methods for this approach either.
- Overall, the abstract discusses the need for methods to clean and correct noisy text data but does not specify any particular methods.","  - ""The importance of text mining applications is growing proportionally with the exponential growth of electronic text.""
  - ""These generate huge amount of noisy text data everyday.""
  - ""An example of information extraction is the extraction of instances of corporate mergers, more formally MergerBetween(company1,company2,date), from an online news sentence such as: “Yesterday, New-York based Foo Inc. announced their acquisition of Bar Corp.”""
  - ""Opinion(product1,good), from a blog post such as: “I absolutely liked the texture of SheetK quilts.”""
  - ""The first one is cleaning text by removing noise and then applying existing state of the art techniques for information extraction.""
  - ""The second approach is to devise extraction techniques which are robust with respect to noise.""
  - ""Later in this chapter, we will see how the task of information extraction is affected by noise.""",,"- The abstract discusses the growing importance of text mining due to the exponential growth of electronic text, which includes noisy data from various sources.
- It provides examples of information extraction tasks, such as extracting corporate mergers and opinions from text, which are outcomes of text mining.
- The abstract mentions two approaches to dealing with noisy text: cleaning the text and then applying existing techniques, or devising techniques that are robust to noise.
- The outcome of these approaches is the successful extraction of information from noisy text data, which is the primary goal of text mining applications."
Unsupervised cleansing of noisy text,"Danish Contractor, T. Faruquie, L. V. Subramaniam",-,-,International Conference on Computational Linguistics,82,2010,"An unsupervised method for cleansing noisy text using a statistical machine translation model is proposed, involving a two-step process with weighted lists and language model scores.","- Use of a statistical machine translation model
- Unsupervised method for translating noisy text to clean text
- Two-step process:
  1. Obtaining a weighted list of possible clean tokens for each noisy token
  2. Maximizing the product of the weighted lists and the language model scores to obtain the clean sentence",The outcome is the successful translation of noisy text into clean text using an unsupervised statistical machine translation model.,"  - ""In this paper we look at the problem of cleansing noisy text using a statistical machine translation model.""
  - ""In this paper we propose an unsupervised method for the translation of noisy text to clean text.""
  - ""Our method has two steps. For a given noisy sentence, a weighted list of possible clean tokens for each noisy token are obtained. The clean sentence is then obtained by maximizing the product of the weighted lists and the language model scores.""",,"- The abstract discusses the problem of cleansing noisy text, which is directly relevant to the research question about methods for cleaning noisy text data.
- The paper proposes an unsupervised method for translating noisy text to clean text, which is a specific method for cleaning noisy text data.
- The methodology involves a two-step process using weighted lists and language model scores, which provides insight into the approach used for cleaning the text.
- The abstract does not mention any specific findings or results, nor does it provide information on the strength of the evidence such as the number of participants or studies.","  - ""In this paper we look at the problem of cleansing noisy text using a statistical machine translation model.""
  - ""The clean sentence is then obtained by maximizing the product of the weighted lists and the language model scores.""
  - ""In this paper we propose an unsupervised method for the translation of noisy text to clean text.""
  - ""For a given noisy sentence, a weighted list of possible clean tokens for each noisy token are obtained.""
  - ""Our method has two steps.""",,"- The abstract mentions the use of a ""statistical machine translation model"" as a method for cleansing noisy text. This is a broad approach rather than a specific step.
- The authors propose an ""unsupervised method"" for translating noisy text to clean text, indicating a specific approach to handling noisy data.
- The method involves two steps: 
  1. Obtaining a ""weighted list of possible clean tokens for each noisy token,"" which suggests a process of generating potential clean versions of noisy tokens.
  2. ""The clean sentence is then obtained by maximizing the product of the weighted lists and the language model scores,"" which implies using a combination of weighted lists and language model scores to select the most likely clean sentence.","  - ""In this paper we look at the problem of cleansing noisy text using a statistical machine translation model.""
  - ""In this paper we propose an unsupervised method for the translation of noisy text to clean text.""
  - ""The clean sentence is then obtained by maximizing the product of the weighted lists and the language model scores.""",,"- The abstract discusses the problem of cleansing noisy text, which is the primary outcome of the research.
- The method proposed is an unsupervised approach to translate noisy text into clean text, indicating that the outcome is the successful translation or cleansing of noisy text.
- The process involves obtaining a weighted list of possible clean tokens for each noisy token and then maximizing the product of these lists with language model scores to obtain a clean sentence, which is the desired outcome."